-- phpMyAdmin SQL Dump
-- version 5.2.1
-- https://www.phpmyadmin.net/
--
-- Hôte : localhost
-- Généré le : ven. 24 mai 2024 à 19:01
-- Version du serveur : 10.4.28-MariaDB
-- Version de PHP : 8.2.4

SET SQL_MODE = "NO_AUTO_VALUE_ON_ZERO";
START TRANSACTION;
SET time_zone = "+00:00";


/*!40101 SET @OLD_CHARACTER_SET_CLIENT=@@CHARACTER_SET_CLIENT */;
/*!40101 SET @OLD_CHARACTER_SET_RESULTS=@@CHARACTER_SET_RESULTS */;
/*!40101 SET @OLD_COLLATION_CONNECTION=@@COLLATION_CONNECTION */;
/*!40101 SET NAMES utf8mb4 */;

--
-- Base de données : `PixelProject`
--

-- --------------------------------------------------------

--
-- Structure de la table `Grid`
--

CREATE TABLE `Grid` (
  `id` int(11) NOT NULL,
  `User_ID` int(16) NOT NULL,
  `Name` varchar(40) NOT NULL
) ENGINE=InnoDB DEFAULT CHARSET=utf8mb4 COLLATE=utf8mb4_general_ci;

--
-- Déchargement des données de la table `Grid`
--

INSERT INTO `Grid` (`id`, `User_ID`, `Name`) VALUES
(17, 5, 'PolyGrid'),
(18, 34, 'DonatienGrid'),
(19, 34, 'GeneralGrid'),
(20, 31, 'HolidaysGrid');

-- --------------------------------------------------------

--
-- Structure de la table `Pixel`
--

CREATE TABLE `Pixel` (
  `id` int(11) NOT NULL,
  `User_ID` int(16) NOT NULL,
  `Grid_ID` int(16) NOT NULL,
  `Color` varchar(7) NOT NULL,
  `Vertical_pos` int(5) NOT NULL,
  `Horizontal_pos` int(5) NOT NULL
) ENGINE=InnoDB DEFAULT CHARSET=utf8mb4 COLLATE=utf8mb4_general_ci;

--
-- Déchargement des données de la table `Pixel`
--

INSERT INTO `Pixel` (`id`, `User_ID`, `Grid_ID`, `Color`, `Vertical_pos`, `Horizontal_pos`) VALUES
(619, 5, 17, '#0000FF', 8, 22),
(620, 5, 17, '#FFFFFF', 9, 22),
(621, 5, 17, '#FFFFFF', 8, 21),
(622, 5, 17, '#FFFFFF', 7, 21),
(623, 5, 17, '#FFFFFF', 7, 22),
(624, 5, 17, '#FFFFFF', 9, 21),
(625, 5, 17, '#FFFFFF', 7, 20),
(626, 5, 17, '#FFFFFF', 8, 20),
(627, 5, 17, '#0000FF', 9, 20),
(628, 5, 17, '#FFFFFF', 6, 19),
(629, 5, 17, '#0000FF', 7, 12),
(630, 5, 17, '#0000FF', 7, 13),
(631, 5, 17, '#0000FF', 8, 13),
(632, 5, 17, '#0000FF', 7, 9),
(633, 5, 17, '#0000FF', 8, 9),
(634, 5, 17, '#0000FF', 9, 9),
(635, 5, 17, '#0000FF', 7, 8),
(636, 5, 17, '#0000FF', 8, 8),
(637, 5, 17, '#0000FF', 9, 8),
(638, 5, 17, '#0000FF', 7, 7),
(639, 5, 17, '#0000FF', 8, 7),
(640, 5, 17, '#0000FF', 9, 7),
(641, 5, 17, '#0000FF', 8, 6),
(642, 5, 17, '#0000FF', 9, 6),
(643, 5, 17, '#0000FF', 10, 6),
(644, 5, 17, '#0000FF', 9, 5),
(645, 5, 17, '#0000FF', 10, 5),
(646, 5, 17, '#0000FF', 11, 5),
(647, 5, 17, '#0000FF', 10, 4),
(648, 5, 17, '#0000FF', 11, 4),
(649, 5, 17, '#0000FF', 12, 4),
(650, 5, 17, '#0000FF', 13, 4),
(651, 5, 17, '#0000FF', 11, 3),
(652, 5, 17, '#0000FF', 12, 3),
(653, 5, 17, '#0000FF', 13, 3),
(654, 5, 17, '#0000FF', 14, 3),
(655, 5, 17, '#0000FF', 14, 4),
(656, 5, 17, '#0000FF', 12, 5),
(657, 5, 17, '#0000FF', 13, 5),
(658, 5, 17, '#0000FF', 14, 5),
(659, 5, 17, '#0000FF', 10, 7),
(660, 5, 17, '#0000FF', 11, 6),
(661, 5, 17, '#0000FF', 15, 3),
(662, 5, 17, '#0000FF', 15, 4),
(663, 5, 17, '#0000FF', 15, 5),
(664, 5, 17, '#0000FF', 8, 12),
(665, 5, 17, '#0000FF', 9, 12),
(666, 5, 17, '#0000FF', 9, 13),
(667, 5, 17, '#0000FF', 7, 14),
(668, 5, 17, '#0000FF', 7, 15),
(669, 5, 17, '#0000FF', 7, 16),
(670, 5, 17, '#0000FF', 7, 17),
(671, 5, 17, '#FFFFFF', 7, 19),
(672, 5, 17, '#FFFFFF', 7, 18),
(673, 5, 17, '#0000FF', 8, 18),
(674, 5, 17, '#FFFFFF', 8, 19),
(675, 5, 17, '#FFFFFF', 9, 18),
(676, 5, 17, '#FFFFFF', 9, 19),
(677, 5, 17, '#0000FF', 8, 16),
(678, 5, 17, '#0000FF', 9, 17),
(679, 5, 17, '#0000FF', 8, 17),
(680, 5, 17, '#0000FF', 9, 16),
(681, 5, 17, '#0000FF', 8, 15),
(682, 5, 17, '#0000FF', 9, 15),
(683, 5, 17, '#0000FF', 8, 14),
(684, 5, 17, '#0000FF', 9, 14),
(685, 5, 17, '#0000FF', 8, 23),
(686, 5, 17, '#FFFFFF', 7, 23),
(687, 5, 17, '#FFFFFF', 9, 23),
(688, 5, 17, '#0000FF', 8, 24),
(689, 5, 17, '#0000FF', 16, 3),
(690, 5, 17, '#0000FF', 16, 4),
(691, 5, 17, '#0000FF', 16, 5),
(692, 5, 17, '#0000FF', 17, 3),
(693, 5, 17, '#0000FF', 17, 4),
(694, 5, 17, '#0000FF', 17, 5),
(695, 5, 17, '#0000FF', 18, 4),
(696, 5, 17, '#0000FF', 18, 5),
(697, 5, 17, '#0000FF', 18, 6),
(698, 5, 17, '#0000FF', 19, 5),
(699, 5, 17, '#0000FF', 19, 6),
(700, 5, 17, '#0000FF', 19, 7),
(701, 5, 17, '#0000FF', 20, 6),
(702, 5, 17, '#0000FF', 20, 7),
(703, 5, 17, '#0000FF', 20, 8),
(704, 5, 17, '#0000FF', 21, 7),
(705, 5, 17, '#0000FF', 21, 8),
(706, 5, 17, '#0000FF', 21, 9),
(707, 5, 17, '#0000FF', 21, 10),
(708, 5, 17, '#0000FF', 22, 8),
(709, 5, 17, '#0000FF', 22, 9),
(710, 5, 17, '#0000FF', 22, 10),
(711, 5, 17, '#0000FF', 21, 11),
(712, 5, 17, '#FFFFFF', 20, 11),
(713, 5, 17, '#FFFFFF', 19, 11),
(714, 5, 17, '#0000FF', 20, 12),
(715, 5, 17, '#FFFFFF', 19, 12),
(716, 5, 17, '#0000FF', 21, 13),
(717, 5, 17, '#0000FF', 21, 12),
(718, 5, 17, '#0000FF', 20, 14),
(719, 5, 17, '#0000FF', 19, 15),
(720, 5, 17, '#0000FF', 18, 15),
(721, 5, 17, '#0000FF', 18, 16),
(722, 5, 17, '#0000FF', 17, 16),
(723, 5, 17, '#0000FF', 16, 16),
(724, 5, 17, '#0000FF', 15, 16),
(725, 5, 17, '#0000FF', 14, 16),
(726, 5, 17, '#0000FF', 13, 16),
(727, 5, 17, '#0000FF', 12, 16),
(728, 5, 17, '#0000FF', 10, 12),
(729, 5, 17, '#0000FF', 11, 13),
(730, 5, 17, '#0000FF', 12, 14),
(731, 5, 17, '#0000FF', 13, 15),
(732, 5, 17, '#0000FF', 12, 15),
(733, 5, 17, '#0000FF', 11, 14),
(734, 5, 17, '#0000FF', 10, 13),
(735, 5, 17, '#0000FF', 10, 14),
(736, 5, 17, '#0000FF', 11, 15),
(737, 5, 17, '#0000FF', 11, 16),
(738, 5, 17, '#0000FF', 12, 17),
(739, 5, 17, '#0000FF', 13, 17),
(740, 5, 17, '#0000FF', 14, 17),
(741, 5, 17, '#0000FF', 15, 17),
(742, 5, 17, '#0000FF', 16, 17),
(743, 5, 17, '#0000FF', 17, 17),
(744, 5, 17, '#0000FF', 18, 17),
(745, 5, 17, '#0000FF', 16, 15),
(746, 5, 17, '#0000FF', 17, 15),
(747, 5, 17, '#0000FF', 18, 14),
(748, 5, 17, '#0000FF', 19, 14),
(749, 5, 17, '#0000FF', 19, 13),
(750, 5, 17, '#0000FF', 20, 13),
(751, 5, 17, '#0000FF', 22, 11),
(752, 5, 17, '#0000FF', 22, 12),
(753, 5, 17, '#0000FF', 21, 14),
(754, 5, 17, '#0000FF', 20, 15),
(755, 5, 17, '#0000FF', 19, 16),
(756, 5, 17, '#0000FF', 19, 4),
(757, 5, 17, '#0000FF', 20, 5),
(758, 5, 17, '#0000FF', 21, 6),
(759, 5, 17, '#0000FF', 23, 9),
(760, 5, 17, '#0000FF', 23, 10),
(761, 5, 17, '#0000FF', 23, 11),
(762, 5, 17, '#0000FF', 14, 18),
(763, 5, 17, '#0000FF', 15, 18),
(764, 5, 17, '#0000FF', 16, 18),
(765, 5, 17, '#FFFFFF', 12, 18),
(766, 5, 17, '#0000FF', 13, 18),
(767, 5, 17, '#FFFFFF', 12, 19),
(768, 34, 18, '#FFFFFF', 6, 10),
(769, 34, 18, '#FF0000', 7, 9),
(770, 34, 18, '#FF0000', 8, 8),
(771, 34, 18, '#FF0000', 9, 7),
(772, 34, 18, '#FF0000', 10, 6),
(773, 34, 18, '#FF0000', 7, 8),
(774, 34, 18, '#FF0000', 8, 7),
(775, 34, 18, '#FF0000', 7, 7),
(776, 34, 18, '#FF0000', 6, 9),
(777, 34, 18, '#FF0000', 6, 8),
(778, 34, 18, '#FF0000', 6, 7),
(779, 34, 18, '#FF0000', 7, 6),
(780, 34, 18, '#FF0000', 8, 6),
(781, 34, 18, '#FF0000', 9, 6),
(782, 34, 18, '#FFFFFF', 7, 10),
(783, 34, 18, '#FF0000', 8, 9),
(784, 34, 18, '#FF0000', 9, 8),
(785, 34, 18, '#FF0000', 10, 7),
(786, 34, 18, '#FF0000', 9, 9),
(787, 34, 18, '#FF0000', 10, 10),
(788, 34, 18, '#FF0000', 11, 11),
(789, 34, 18, '#FF0000', 12, 12),
(790, 34, 18, '#FF0000', 13, 13),
(791, 34, 18, '#FF0000', 14, 14),
(792, 34, 18, '#FF0000', 15, 15),
(793, 34, 18, '#FF0000', 16, 16),
(794, 34, 18, '#FF0000', 17, 17),
(795, 34, 18, '#FF0000', 18, 18),
(796, 34, 18, '#FF0000', 19, 19),
(797, 34, 18, '#FF0000', 10, 11),
(798, 34, 18, '#FF0000', 11, 12),
(799, 34, 18, '#FF0000', 12, 13),
(800, 34, 18, '#FF0000', 13, 14),
(801, 34, 18, '#FF0000', 14, 15),
(802, 34, 18, '#FF0000', 15, 16),
(803, 34, 18, '#FF0000', 16, 17),
(804, 34, 18, '#FF0000', 17, 18),
(805, 34, 18, '#FF0000', 18, 19),
(806, 34, 18, '#FF0000', 5, 10),
(807, 34, 18, '#FF0000', 4, 9),
(808, 34, 18, '#FF0000', 3, 8),
(809, 34, 18, '#FF0000', 4, 7),
(810, 34, 18, '#FF0000', 5, 6),
(811, 34, 18, '#FF0000', 6, 5),
(812, 34, 18, '#FF0000', 7, 4),
(813, 34, 18, '#FF0000', 9, 4),
(814, 34, 18, '#FF0000', 8, 4),
(815, 34, 18, '#FF0000', 9, 3),
(816, 34, 18, '#FF0000', 10, 3),
(817, 34, 18, '#FF0000', 11, 4),
(818, 34, 18, '#FF0000', 11, 5),
(819, 34, 18, '#FF0000', 10, 5),
(820, 34, 18, '#FF0000', 10, 4),
(821, 34, 18, '#FF0000', 9, 5),
(822, 34, 18, '#FF0000', 8, 5),
(823, 34, 18, '#FF0000', 7, 5),
(824, 34, 18, '#FF0000', 6, 6),
(825, 34, 18, '#FF0000', 5, 7),
(826, 34, 18, '#FF0000', 4, 8),
(827, 34, 18, '#FF0000', 5, 8),
(828, 34, 18, '#FF0000', 5, 9),
(829, 34, 18, '#FF0000', 9, 10),
(830, 34, 18, '#FF0000', 10, 9),
(831, 34, 18, '#FF0000', 16, 4),
(832, 34, 18, '#FF0000', 17, 5),
(833, 34, 18, '#FF0000', 18, 6),
(834, 34, 18, '#FF0000', 18, 7),
(835, 34, 18, '#FF0000', 19, 8),
(836, 34, 18, '#FF0000', 19, 9),
(837, 34, 18, '#FF0000', 20, 10),
(838, 34, 18, '#FF0000', 19, 11),
(839, 34, 18, '#FF0000', 15, 13),
(840, 34, 18, '#FF0000', 16, 12),
(841, 34, 18, '#FF0000', 17, 11),
(842, 34, 18, '#FF0000', 18, 10),
(843, 34, 18, '#FF0000', 19, 7),
(844, 34, 18, '#FF0000', 19, 5),
(845, 34, 18, '#FF0000', 18, 5),
(846, 34, 18, '#FF0000', 17, 4),
(847, 34, 18, '#FF0000', 16, 3),
(848, 34, 18, '#FF0000', 17, 13),
(849, 34, 18, '#FF0000', 18, 12),
(850, 34, 18, '#FF0000', 19, 10),
(851, 34, 18, '#FF0000', 20, 9),
(852, 34, 18, '#FF0000', 20, 8),
(853, 34, 18, '#FF0000', 19, 6),
(854, 34, 18, '#FF0000', 15, 4),
(855, 34, 18, '#FF0000', 15, 3),
(856, 34, 18, '#FF0000', 18, 4),
(857, 34, 18, '#FF0000', 7, 19),
(858, 34, 18, '#FF0000', 8, 18),
(859, 34, 18, '#FF0000', 7, 18),
(860, 34, 18, '#FF0000', 8, 17),
(861, 34, 18, '#FF0000', 9, 17),
(862, 34, 18, '#FF0000', 8, 16),
(863, 34, 18, '#FF0000', 7, 17),
(864, 34, 18, '#FF0000', 6, 18),
(865, 34, 18, '#FF0000', 10, 16),
(866, 34, 18, '#FF0000', 11, 15),
(867, 34, 18, '#FF0000', 12, 15),
(868, 34, 18, '#FF0000', 10, 15),
(869, 34, 18, '#FF0000', 12, 14),
(870, 34, 18, '#FF0000', 14, 13),
(871, 34, 18, '#FF0000', 16, 13),
(872, 34, 18, '#FF0000', 17, 12),
(873, 34, 18, '#FF0000', 18, 11),
(874, 34, 18, '#FF0000', 2, 22),
(875, 34, 18, '#FF0000', 1, 22),
(876, 34, 18, '#FF0000', 3, 22),
(877, 34, 18, '#FF0000', 2, 23),
(878, 34, 18, '#FFFFFF', 3, 24),
(879, 34, 18, '#FF0000', 2, 24),
(880, 34, 18, '#FF0000', 5, 22),
(881, 34, 18, '#FFFFFF', 6, 22),
(882, 34, 18, '#FF0000', 7, 22),
(883, 34, 18, '#FF0000', 5, 23),
(884, 34, 18, '#FF0000', 5, 24),
(885, 34, 18, '#FF0000', 6, 24),
(886, 34, 18, '#FF0000', 7, 24),
(887, 34, 18, '#FF0000', 7, 23),
(888, 34, 18, '#FF0000', 11, 22),
(889, 34, 18, '#FF0000', 12, 22),
(890, 34, 18, '#FF0000', 13, 22),
(891, 34, 18, '#FF0000', 12, 24),
(892, 34, 18, '#FF0000', 13, 24),
(893, 34, 18, '#FF0000', 11, 24),
(894, 34, 18, '#FF0000', 11, 23),
(895, 34, 18, '#FF0000', 15, 22),
(896, 34, 18, '#FF0000', 15, 23),
(897, 34, 18, '#FF0000', 15, 24),
(898, 34, 18, '#FF0000', 16, 24),
(899, 34, 18, '#FF0000', 17, 24),
(900, 34, 18, '#FF0000', 17, 23),
(901, 34, 18, '#FF0000', 17, 22),
(902, 34, 18, '#FF0000', 16, 22),
(903, 34, 18, '#FF0000', 19, 22),
(904, 34, 18, '#FF0000', 20, 22),
(905, 34, 18, '#FF0000', 21, 22),
(906, 34, 18, '#FF0000', 19, 23),
(907, 34, 18, '#FF0000', 19, 24),
(908, 34, 18, '#FF0000', 20, 24),
(909, 34, 18, '#FF0000', 21, 24),
(910, 34, 18, '#FF0000', 23, 22),
(911, 34, 18, '#FF0000', 23, 23),
(912, 34, 18, '#FF0000', 23, 24),
(913, 34, 18, '#FF0000', 24, 24),
(914, 34, 18, '#FF0000', 25, 24),
(915, 34, 18, '#FF0000', 25, 23),
(916, 34, 18, '#FF0000', 25, 22),
(917, 34, 18, '#FF0000', 24, 22),
(918, 34, 18, '#FF0000', 27, 21),
(919, 34, 18, '#FF0000', 28, 21),
(920, 34, 18, '#FF0000', 29, 21),
(921, 34, 18, '#FF0000', 29, 22),
(922, 34, 18, '#FF0000', 28, 23),
(923, 34, 18, '#FF0000', 28, 25),
(924, 34, 19, '#00FF00', 2, 26),
(925, 34, 19, '#00FF00', 2, 27),
(926, 34, 19, '#00FF00', 2, 28),
(927, 34, 19, '#00FF00', 3, 28),
(928, 34, 19, '#00FF00', 4, 28),
(929, 34, 19, '#00FF00', 4, 27),
(930, 34, 19, '#00FF00', 4, 26),
(931, 34, 19, '#00FF00', 3, 26),
(932, 34, 19, '#00FF00', 3, 27),
(933, 34, 19, '#00FF00', 5, 25),
(934, 34, 19, '#00FF00', 6, 25),
(935, 5, 19, '#000000', 7, 25),
(936, 5, 19, '#000000', 7, 26),
(937, 34, 19, '#00FF00', 7, 27),
(938, 34, 19, '#00FF00', 7, 28),
(939, 5, 19, '#0000FF', 4, 25),
(940, 5, 19, '#0000FF', 4, 24),
(941, 5, 19, '#0000FF', 5, 24),
(942, 5, 19, '#0000FF', 6, 24),
(943, 5, 19, '#000000', 7, 24),
(944, 5, 19, '#000000', 7, 23),
(945, 5, 19, '#0000FF', 7, 22),
(946, 5, 19, '#0000FF', 2, 4),
(947, 5, 19, '#0000FF', 2, 7),
(948, 5, 19, '#FF00FF', 2, 11),
(949, 5, 19, '#0000FF', 2, 16),
(950, 5, 19, '#0000FF', 14, 10),
(951, 5, 19, '#0000FF', 22, 6),
(952, 5, 19, '#0000FF', 10, 4),
(953, 5, 19, '#0000FF', 16, 18),
(954, 5, 19, '#000000', 21, 21),
(955, 5, 19, '#FF00FF', 17, 7),
(956, 5, 19, '#FF00FF', 19, 11),
(957, 5, 19, '#FF00FF', 9, 16),
(958, 5, 19, '#FF00FF', 14, 21),
(959, 5, 19, '#FF00FF', 17, 24),
(960, 4, 19, '#0000FF', 26, 25),
(961, 5, 19, '#FFFF00', 6, 6),
(962, 5, 19, '#FF0000', 6, 12),
(963, 5, 19, '#FF0000', 5, 17),
(964, 5, 19, '#FF0000', 15, 12),
(965, 5, 19, '#FF0000', 23, 17),
(966, 5, 19, '#FF0000', 27, 6),
(967, 5, 19, '#00FF00', 16, 2),
(968, 5, 19, '#00FF00', 25, 8),
(969, 5, 19, '#00FF00', 22, 12),
(970, 5, 19, '#000000', 7, 1),
(971, 5, 19, '#000000', 9, 6),
(972, 5, 19, '#FF00FF', 9, 9),
(973, 5, 19, '#000000', 10, 22),
(974, 5, 19, '#000000', 18, 15),
(975, 24, 19, '#FF0000', 22, 3),
(976, 5, 19, '#000000', 13, 4),
(977, 5, 19, '#000000', 13, 2),
(978, 24, 19, '#FF0000', 10, 2),
(979, 5, 19, '#FFFF00', 6, 2),
(980, 5, 19, '#FFFF00', 5, 2),
(981, 24, 19, '#FF0000', 4, 5),
(982, 24, 19, '#FF0000', 4, 6),
(983, 24, 19, '#000000', 3, 0),
(984, 24, 19, '#000000', 2, 0),
(985, 24, 19, '#000000', 2, 1),
(986, 24, 19, '#000000', 2, 3),
(987, 24, 19, '#0000FF', 18, 1),
(988, 24, 19, '#0000FF', 18, 2),
(989, 24, 19, '#0000FF', 18, 4),
(990, 24, 19, '#0000FF', 18, 3),
(991, 24, 19, '#0000FF', 17, 3),
(992, 24, 19, '#0000FF', 17, 2),
(993, 24, 19, '#FF00FF', 25, 1),
(994, 24, 19, '#FF00FF', 25, 5),
(995, 24, 19, '#FF00FF', 25, 3),
(996, 24, 19, '#FF00FF', 25, 4),
(997, 24, 19, '#FF00FF', 25, 2),
(998, 24, 19, '#FF00FF', 24, 2),
(999, 24, 19, '#FF00FF', 24, 3),
(1000, 24, 19, '#FF00FF', 24, 4),
(1001, 24, 19, '#FF00FF', 26, 2),
(1002, 24, 19, '#FF00FF', 26, 3),
(1003, 24, 19, '#FF00FF', 26, 4),
(1004, 24, 19, '#FF00FF', 26, 1),
(1005, 24, 19, '#FF00FF', 27, 2),
(1006, 24, 19, '#FF00FF', 27, 3),
(1007, 24, 19, '#FF00FF', 27, 4),
(1008, 24, 19, '#FF00FF', 26, 6),
(1009, 24, 19, '#FFFF00', 10, 14),
(1010, 24, 19, '#FFFF00', 10, 16),
(1011, 24, 19, '#FFFF00', 10, 17),
(1012, 24, 19, '#FFFF00', 10, 15),
(1013, 24, 19, '#FFFF00', 11, 15),
(1014, 24, 19, '#FFFF00', 11, 14),
(1015, 24, 19, '#FFFF00', 12, 14),
(1016, 24, 19, '#FFFF00', 12, 15),
(1017, 24, 19, '#FFFF00', 12, 16),
(1018, 24, 19, '#FFFF00', 11, 16),
(1019, 24, 19, '#FFFF00', 11, 17),
(1020, 24, 19, '#FFFF00', 12, 17),
(1021, 24, 19, '#FFFF00', 13, 17),
(1022, 24, 19, '#FFFF00', 13, 16),
(1023, 24, 19, '#FFFF00', 13, 14),
(1024, 24, 19, '#FFFF00', 13, 15),
(1025, 24, 19, '#FFFF00', 11, 13),
(1026, 24, 19, '#FFFF00', 11, 12),
(1027, 24, 19, '#FFFF00', 11, 11),
(1028, 24, 19, '#FFFF00', 13, 13),
(1029, 24, 19, '#FFFF00', 14, 12),
(1030, 24, 19, '#FFFF00', 15, 11),
(1031, 24, 19, '#FFFF00', 14, 15),
(1032, 24, 19, '#FFFF00', 15, 15),
(1033, 24, 19, '#FFFF00', 16, 15),
(1034, 24, 19, '#FFFF00', 14, 17),
(1035, 24, 19, '#FFFF00', 15, 18),
(1036, 24, 19, '#FFFF00', 16, 19),
(1037, 24, 19, '#FFFF00', 13, 18),
(1038, 24, 19, '#FFFF00', 13, 19),
(1039, 24, 19, '#FFFF00', 13, 20),
(1040, 24, 19, '#FFFF00', 11, 18),
(1041, 24, 19, '#FFFF00', 11, 19),
(1042, 24, 19, '#FFFF00', 11, 20),
(1043, 24, 19, '#FFFF00', 9, 17),
(1044, 24, 19, '#FFFF00', 8, 18),
(1045, 24, 19, '#FFFF00', 7, 19),
(1046, 24, 19, '#FFFF00', 9, 15),
(1047, 24, 19, '#FFFF00', 8, 15),
(1048, 24, 19, '#FFFF00', 7, 15),
(1049, 24, 19, '#FFFF00', 9, 13),
(1050, 24, 19, '#FFFF00', 8, 12),
(1051, 24, 19, '#FFFF00', 7, 11),
(1052, 24, 19, '#FFFF00', 10, 21),
(1053, 5, 19, '#FF0000', 8, 24),
(1054, 5, 19, '#FF0000', 8, 25),
(1055, 5, 19, '#000000', 9, 25),
(1056, 5, 19, '#000000', 9, 24),
(1057, 4, 19, '#FF00FF', 11, 24),
(1058, 4, 19, '#FF00FF', 10, 24),
(1059, 4, 19, '#FF00FF', 10, 25),
(1060, 4, 19, '#FF00FF', 11, 25),
(1061, 4, 19, '#FF00FF', 12, 25),
(1062, 4, 19, '#FF00FF', 12, 24),
(1063, 4, 19, '#FF00FF', 12, 26),
(1064, 4, 19, '#FF00FF', 12, 27),
(1065, 4, 19, '#FF00FF', 12, 28),
(1066, 4, 19, '#FF00FF', 11, 28),
(1067, 4, 19, '#FF00FF', 11, 27),
(1068, 4, 19, '#FF00FF', 11, 26),
(1069, 4, 19, '#000000', 17, 28),
(1070, 4, 19, '#000000', 17, 27),
(1071, 4, 19, '#000000', 18, 27),
(1072, 4, 19, '#000000', 18, 28),
(1073, 4, 19, '#0000FF', 19, 27),
(1074, 4, 19, '#0000FF', 21, 27),
(1075, 4, 19, '#0000FF', 20, 27),
(1076, 4, 19, '#0000FF', 22, 27),
(1077, 4, 19, '#0000FF', 23, 27),
(1078, 4, 19, '#0000FF', 24, 26),
(1079, 4, 19, '#0000FF', 25, 26),
(1080, 4, 19, '#0000FF', 26, 27),
(1081, 4, 19, '#0000FF', 27, 27),
(1082, 4, 19, '#0000FF', 18, 26),
(1083, 4, 19, '#0000FF', 17, 26),
(1084, 4, 19, '#0000FF', 16, 27),
(1085, 4, 19, '#0000FF', 16, 26),
(1086, 4, 19, '#0000FF', 16, 25),
(1087, 4, 19, '#0000FF', 17, 25),
(1088, 4, 19, '#0000FF', 18, 25),
(1089, 4, 19, '#0000FF', 18, 24),
(1090, 4, 19, '#0000FF', 18, 23),
(1091, 4, 19, '#0000FF', 19, 23),
(1092, 4, 19, '#0000FF', 19, 24),
(1093, 4, 19, '#0000FF', 19, 25),
(1094, 4, 19, '#0000FF', 19, 26),
(1095, 4, 19, '#0000FF', 20, 26),
(1096, 4, 19, '#0000FF', 21, 26),
(1097, 4, 19, '#0000FF', 23, 26),
(1098, 4, 19, '#0000FF', 20, 23),
(1099, 4, 19, '#0000FF', 21, 23),
(1100, 4, 19, '#0000FF', 27, 26),
(1101, 4, 19, '#0000FF', 27, 24),
(1102, 4, 19, '#0000FF', 27, 25),
(1103, 4, 19, '#0000FF', 26, 23),
(1104, 4, 19, '#0000FF', 25, 23),
(1105, 4, 19, '#0000FF', 24, 23),
(1106, 4, 19, '#0000FF', 23, 23),
(1107, 4, 19, '#0000FF', 22, 23),
(1108, 4, 19, '#0000FF', 26, 24),
(1109, 4, 19, '#0000FF', 26, 26),
(1110, 4, 19, '#0000FF', 25, 25),
(1111, 4, 19, '#0000FF', 25, 24),
(1112, 4, 19, '#0000FF', 24, 24),
(1113, 4, 19, '#0000FF', 24, 25),
(1114, 4, 19, '#0000FF', 23, 25),
(1115, 4, 19, '#0000FF', 22, 25),
(1116, 4, 19, '#0000FF', 22, 26),
(1117, 4, 19, '#0000FF', 21, 25),
(1118, 4, 19, '#0000FF', 20, 25),
(1119, 4, 19, '#000000', 24, 28),
(1120, 4, 19, '#000000', 24, 27),
(1121, 4, 19, '#000000', 25, 27),
(1122, 4, 19, '#000000', 25, 28),
(1123, 35, 20, '#FFFF00', 0, 0),
(1124, 31, 20, '#FFFF00', 0, 1),
(1125, 31, 20, '#FFFF00', 1, 1),
(1126, 31, 20, '#FFFF00', 1, 2),
(1127, 31, 20, '#FFFF00', 0, 2),
(1128, 31, 20, '#FFFF00', 1, 0),
(1129, 31, 20, '#FFFF00', 2, 0),
(1130, 31, 20, '#FFFF00', 0, 3),
(1131, 31, 20, '#FFFF00', 1, 3),
(1132, 31, 20, '#FFFF00', 2, 2),
(1133, 31, 20, '#FFFF00', 2, 1),
(1134, 31, 20, '#FFFF00', 3, 1),
(1135, 31, 20, '#FFFF00', 3, 0),
(1136, 31, 20, '#FFFF00', 4, 0),
(1137, 31, 20, '#FFFF00', 0, 4),
(1138, 31, 20, '#FFFF00', 1, 4),
(1139, 31, 20, '#FFFF00', 2, 3),
(1140, 31, 20, '#FFFF00', 3, 2),
(1141, 31, 20, '#FFFF00', 4, 1),
(1142, 31, 20, '#FFFF00', 5, 0),
(1143, 31, 20, '#FFFF00', 0, 5),
(1144, 31, 20, '#FFFF00', 2, 4),
(1145, 31, 20, '#FFFF00', 3, 3),
(1146, 31, 20, '#FFFF00', 4, 2),
(1147, 31, 20, '#FFFF00', 4, 3),
(1148, 31, 20, '#FFFF00', 3, 4),
(1149, 31, 20, '#FFFF00', 4, 4),
(1150, 31, 20, '#FFFF00', 5, 5),
(1151, 31, 20, '#FFFF00', 6, 6),
(1152, 31, 20, '#FFFF00', 7, 7),
(1153, 31, 20, '#FFFF00', 8, 8),
(1154, 31, 20, '#FFFF00', 9, 9),
(1155, 31, 20, '#FFFF00', 5, 2),
(1156, 31, 20, '#FFFF00', 6, 1),
(1157, 31, 20, '#FFFF00', 7, 2),
(1158, 31, 20, '#FFFF00', 8, 3),
(1159, 31, 20, '#FFFF00', 9, 2),
(1160, 31, 20, '#FFFF00', 10, 3),
(1161, 34, 20, '#00FF00', 11, 2),
(1162, 31, 20, '#FFFF00', 1, 5),
(1163, 31, 20, '#FFFF00', 2, 6),
(1164, 5, 20, '#FF00FF', 1, 7),
(1165, 31, 20, '#FFFF00', 2, 8),
(1166, 5, 20, '#FF00FF', 1, 9),
(1167, 5, 20, '#FF00FF', 2, 10),
(1168, 5, 20, '#FF00FF', 1, 11),
(1169, 5, 20, '#FF0000', 1, 27),
(1170, 35, 20, '#FFFFFF', 1, 26),
(1171, 35, 20, '#FFFFFF', 2, 25),
(1172, 35, 20, '#FFFFFF', 3, 25),
(1173, 31, 20, '#000000', 3, 24),
(1174, 31, 20, '#000000', 4, 23),
(1175, 31, 20, '#000000', 5, 22),
(1176, 31, 20, '#000000', 6, 21),
(1177, 31, 20, '#000000', 7, 20),
(1178, 31, 20, '#000000', 8, 19),
(1179, 31, 20, '#000000', 9, 20),
(1180, 31, 20, '#000000', 10, 21),
(1181, 31, 20, '#000000', 11, 22),
(1182, 31, 20, '#000000', 12, 23),
(1183, 31, 20, '#000000', 13, 24),
(1184, 31, 20, '#000000', 12, 25),
(1185, 31, 20, '#000000', 11, 26),
(1186, 31, 20, '#000000', 10, 27),
(1187, 31, 20, '#000000', 9, 28),
(1188, 31, 20, '#000000', 8, 29),
(1189, 31, 20, '#000000', 7, 28),
(1190, 31, 20, '#000000', 6, 27),
(1191, 31, 20, '#000000', 5, 26),
(1192, 31, 20, '#000000', 4, 25),
(1193, 31, 20, '#0000FF', 8, 28),
(1194, 31, 20, '#0000FF', 8, 27),
(1195, 31, 20, '#0000FF', 8, 26),
(1196, 31, 20, '#0000FF', 8, 25),
(1197, 31, 20, '#0000FF', 8, 24),
(1198, 31, 20, '#0000FF', 8, 23),
(1199, 31, 20, '#0000FF', 8, 22),
(1200, 31, 20, '#0000FF', 8, 21),
(1201, 31, 20, '#0000FF', 8, 20),
(1202, 31, 20, '#0000FF', 12, 24),
(1203, 31, 20, '#0000FF', 11, 25),
(1204, 31, 20, '#0000FF', 11, 24),
(1205, 31, 20, '#0000FF', 11, 23),
(1206, 31, 20, '#0000FF', 10, 26),
(1207, 31, 20, '#0000FF', 10, 25),
(1208, 31, 20, '#0000FF', 9, 25),
(1209, 31, 20, '#0000FF', 9, 26),
(1210, 31, 20, '#0000FF', 9, 27),
(1211, 31, 20, '#0000FF', 9, 24),
(1212, 31, 20, '#0000FF', 9, 23),
(1213, 31, 20, '#0000FF', 9, 21),
(1214, 31, 20, '#0000FF', 9, 22),
(1215, 31, 20, '#0000FF', 10, 22),
(1216, 31, 20, '#0000FF', 10, 23),
(1217, 31, 20, '#0000FF', 10, 24),
(1218, 31, 20, '#0000FF', 7, 27),
(1219, 31, 20, '#0000FF', 7, 26),
(1220, 31, 20, '#0000FF', 7, 25),
(1221, 31, 20, '#0000FF', 7, 24),
(1222, 31, 20, '#0000FF', 7, 23),
(1223, 31, 20, '#0000FF', 7, 22),
(1224, 31, 20, '#0000FF', 7, 21),
(1225, 31, 20, '#0000FF', 6, 22),
(1226, 31, 20, '#0000FF', 6, 23),
(1227, 31, 20, '#0000FF', 6, 24),
(1228, 31, 20, '#0000FF', 6, 25),
(1229, 31, 20, '#0000FF', 6, 26),
(1230, 31, 20, '#0000FF', 5, 25),
(1231, 31, 20, '#0000FF', 5, 24),
(1232, 31, 20, '#0000FF', 5, 23),
(1233, 31, 20, '#0000FF', 4, 24),
(1234, 31, 19, '#FF0000', 23, 12),
(1235, 31, 19, '#00FF00', 23, 13),
(1236, 31, 19, '#00FF00', 22, 13),
(1237, 31, 19, '#00FF00', 22, 14),
(1238, 31, 19, '#00FF00', 23, 14),
(1239, 31, 19, '#00FF00', 23, 15),
(1240, 31, 19, '#00FF00', 22, 15),
(1241, 31, 19, '#00FF00', 24, 15),
(1242, 31, 19, '#FF0000', 24, 14),
(1243, 31, 19, '#00FF00', 24, 13),
(1244, 31, 19, '#00FF00', 24, 12),
(1245, 31, 19, '#00FF00', 25, 12),
(1246, 31, 19, '#00FF00', 25, 13),
(1247, 31, 19, '#00FF00', 25, 14),
(1248, 31, 19, '#00FF00', 25, 15),
(1249, 31, 19, '#00FF00', 26, 15),
(1250, 31, 19, '#00FF00', 27, 15),
(1251, 31, 19, '#00FF00', 27, 14),
(1252, 31, 19, '#00FF00', 26, 14),
(1253, 31, 19, '#FF0000', 26, 13),
(1254, 31, 19, '#00FF00', 27, 13),
(1255, 31, 19, '#00FF00', 27, 12),
(1256, 31, 19, '#00FF00', 26, 12),
(1257, 31, 19, '#00FF00', 22, 11),
(1258, 31, 19, '#00FF00', 23, 11),
(1259, 31, 19, '#00FF00', 25, 11),
(1260, 31, 19, '#00FF00', 24, 11),
(1261, 31, 19, '#00FF00', 26, 11),
(1262, 31, 19, '#00FF00', 27, 11),
(1263, 31, 19, '#000000', 24, 16),
(1264, 31, 19, '#000000', 25, 16),
(1265, 31, 19, '#000000', 25, 17),
(1266, 31, 19, '#000000', 24, 17),
(1267, 31, 19, '#000000', 24, 18),
(1268, 31, 19, '#000000', 25, 18),
(1269, 35, 20, '#000000', 11, 18),
(1270, 5, 20, '#FF0000', 12, 17),
(1271, 5, 20, '#FF0000', 13, 16),
(1272, 5, 20, '#FF0000', 14, 17),
(1273, 35, 20, '#000000', 15, 18),
(1274, 5, 20, '#FF0000', 13, 15),
(1275, 5, 20, '#FF0000', 13, 14),
(1276, 35, 20, '#000000', 13, 13),
(1277, 35, 20, '#000000', 12, 13),
(1278, 35, 20, '#000000', 11, 13),
(1279, 35, 20, '#000000', 10, 13),
(1280, 35, 20, '#000000', 14, 13),
(1281, 35, 20, '#000000', 15, 13),
(1282, 35, 20, '#000000', 16, 13),
(1283, 35, 20, '#000000', 13, 12),
(1284, 35, 20, '#000000', 12, 11),
(1285, 35, 20, '#000000', 12, 10),
(1286, 35, 20, '#000000', 13, 11),
(1287, 35, 20, '#000000', 13, 10),
(1288, 35, 20, '#000000', 14, 11),
(1289, 35, 20, '#000000', 14, 10),
(1290, 5, 20, '#FFFFFF', 12, 9),
(1291, 5, 20, '#FF0000', 13, 9),
(1292, 5, 20, '#FFFFFF', 14, 9),
(1293, 35, 20, '#000000', 10, 19),
(1294, 35, 20, '#000000', 16, 19),
(1295, 35, 20, '#000000', 19, 19),
(1296, 35, 20, '#000000', 19, 18),
(1297, 35, 20, '#000000', 19, 17),
(1298, 35, 20, '#000000', 19, 16),
(1299, 35, 20, '#000000', 19, 15),
(1300, 35, 20, '#000000', 20, 15),
(1301, 35, 20, '#000000', 21, 15),
(1302, 35, 20, '#000000', 22, 15),
(1303, 35, 20, '#000000', 23, 15),
(1304, 35, 20, '#000000', 23, 16),
(1305, 35, 20, '#000000', 23, 17),
(1306, 35, 20, '#000000', 23, 18),
(1307, 35, 20, '#000000', 23, 19),
(1308, 35, 20, '#000000', 19, 14),
(1309, 35, 20, '#000000', 20, 13),
(1310, 35, 20, '#000000', 21, 12),
(1311, 35, 20, '#000000', 22, 12),
(1312, 35, 20, '#000000', 23, 12),
(1313, 35, 20, '#000000', 23, 14),
(1314, 35, 20, '#000000', 24, 13),
(1315, 35, 20, '#000000', 24, 12),
(1316, 35, 20, '#000000', 25, 12),
(1317, 35, 20, '#000000', 25, 13),
(1318, 35, 20, '#000000', 25, 14),
(1319, 35, 20, '#000000', 25, 15),
(1320, 35, 20, '#000000', 25, 16),
(1321, 35, 20, '#FF0000', 21, 14),
(1322, 35, 20, '#FF0000', 22, 13),
(1323, 35, 20, '#FF00FF', 21, 13),
(1324, 35, 20, '#FF00FF', 20, 14),
(1325, 35, 20, '#FF00FF', 22, 14),
(1326, 35, 20, '#FF00FF', 23, 13),
(1327, 35, 20, '#000000', 17, 5),
(1328, 35, 20, '#000000', 17, 6),
(1329, 35, 20, '#000000', 17, 7),
(1330, 35, 20, '#000000', 17, 8),
(1331, 35, 20, '#000000', 18, 5),
(1332, 35, 20, '#000000', 19, 6),
(1333, 35, 20, '#000000', 18, 7),
(1334, 35, 20, '#000000', 19, 8),
(1335, 35, 20, '#000000', 18, 9),
(1336, 35, 20, '#000000', 17, 9),
(1337, 35, 20, '#000000', 21, 9),
(1338, 35, 20, '#000000', 21, 8),
(1339, 35, 20, '#000000', 21, 7),
(1340, 35, 20, '#000000', 21, 6),
(1341, 35, 20, '#000000', 21, 5),
(1342, 35, 20, '#000000', 22, 5),
(1343, 35, 20, '#000000', 23, 6),
(1344, 35, 20, '#000000', 22, 7),
(1345, 35, 20, '#000000', 23, 8),
(1346, 35, 20, '#000000', 22, 9),
(1347, 35, 20, '#000000', 25, 5),
(1348, 35, 20, '#000000', 25, 6),
(1349, 35, 20, '#000000', 25, 7),
(1350, 35, 20, '#000000', 25, 8),
(1351, 35, 20, '#000000', 25, 9),
(1352, 35, 20, '#000000', 26, 9),
(1353, 35, 20, '#000000', 27, 9),
(1354, 35, 20, '#000000', 28, 9),
(1355, 35, 20, '#000000', 28, 8),
(1356, 35, 20, '#000000', 28, 7),
(1357, 35, 20, '#000000', 28, 6),
(1358, 35, 20, '#000000', 28, 5),
(1359, 35, 20, '#000000', 27, 5),
(1360, 35, 20, '#000000', 26, 5),
(1361, 35, 20, '#000000', 27, 8),
(1362, 35, 20, '#000000', 27, 10),
(1363, 34, 20, '#FF0000', 17, 0),
(1364, 34, 20, '#FF0000', 17, 1),
(1365, 34, 20, '#FF0000', 18, 1),
(1366, 34, 20, '#FF0000', 18, 0),
(1367, 34, 20, '#FF0000', 17, 2),
(1368, 34, 20, '#FF0000', 18, 2),
(1369, 34, 20, '#FF0000', 21, 2),
(1370, 34, 20, '#FF0000', 21, 1),
(1371, 34, 20, '#FF0000', 21, 0),
(1372, 34, 20, '#FF0000', 22, 0),
(1373, 34, 20, '#FF0000', 22, 1),
(1374, 34, 20, '#FF0000', 22, 2),
(1375, 34, 20, '#FFFF00', 19, 0),
(1376, 34, 20, '#FFFF00', 20, 0),
(1377, 34, 20, '#FFFF00', 20, 1),
(1378, 34, 20, '#FFFF00', 19, 1),
(1379, 34, 20, '#FFFF00', 19, 2),
(1380, 34, 20, '#FFFF00', 20, 2),
(1381, 34, 20, '#FFFF00', 16, 0),
(1382, 34, 20, '#FFFF00', 16, 1),
(1383, 34, 20, '#FFFF00', 16, 2),
(1384, 34, 20, '#FFFF00', 15, 2),
(1385, 34, 20, '#FFFF00', 15, 1),
(1386, 34, 20, '#FFFF00', 15, 0),
(1387, 34, 20, '#FF0000', 13, 0),
(1388, 34, 20, '#FF0000', 14, 0),
(1389, 34, 20, '#FF0000', 14, 1),
(1390, 34, 20, '#FF0000', 13, 1),
(1391, 34, 20, '#FF0000', 13, 2),
(1392, 34, 20, '#FF0000', 14, 2),
(1393, 34, 20, '#FFFF00', 23, 2),
(1394, 34, 20, '#FFFF00', 24, 2),
(1395, 34, 20, '#FFFF00', 24, 1),
(1396, 34, 20, '#FFFF00', 24, 0),
(1397, 34, 20, '#FFFF00', 23, 0),
(1398, 34, 20, '#FFFF00', 23, 1),
(1399, 34, 20, '#FF0000', 25, 0),
(1400, 34, 20, '#FF0000', 25, 1),
(1401, 34, 20, '#FF0000', 25, 2),
(1402, 34, 20, '#FF0000', 26, 2),
(1403, 34, 20, '#FF0000', 26, 1),
(1404, 34, 20, '#FF0000', 26, 0),
(1405, 34, 20, '#00FF00', 27, 2),
(1406, 34, 20, '#00FF00', 27, 1),
(1407, 34, 20, '#00FF00', 27, 0),
(1408, 34, 20, '#00FF00', 28, 0),
(1409, 34, 20, '#00FF00', 28, 1),
(1410, 34, 20, '#00FF00', 28, 2),
(1411, 34, 20, '#00FF00', 11, 0),
(1412, 34, 20, '#00FF00', 12, 0),
(1413, 34, 20, '#00FF00', 11, 1),
(1414, 34, 20, '#00FF00', 12, 1),
(1415, 34, 20, '#00FF00', 12, 2),
(1416, 34, 20, '#0000FF', 18, 22),
(1417, 34, 20, '#0000FF', 18, 23),
(1418, 34, 20, '#0000FF', 18, 24),
(1419, 34, 20, '#0000FF', 18, 25),
(1420, 34, 20, '#0000FF', 19, 22),
(1421, 34, 20, '#0000FF', 20, 23),
(1422, 34, 20, '#0000FF', 19, 24),
(1423, 34, 20, '#FFFF00', 21, 25),
(1424, 34, 20, '#0000FF', 22, 24),
(1425, 34, 20, '#FFFF00', 23, 23),
(1426, 34, 20, '#0000FF', 22, 25),
(1427, 34, 20, '#0000FF', 22, 23),
(1428, 34, 20, '#0000FF', 22, 22),
(1429, 34, 20, '#0000FF', 24, 22),
(1430, 34, 20, '#0000FF', 23, 22),
(1431, 34, 20, '#0000FF', 23, 24),
(1432, 34, 20, '#0000FF', 24, 23),
(1433, 34, 20, '#0000FF', 24, 24),
(1434, 34, 20, '#0000FF', 24, 25),
(1435, 34, 20, '#0000FF', 26, 25),
(1436, 34, 20, '#0000FF', 27, 25),
(1437, 34, 20, '#0000FF', 28, 25),
(1438, 34, 20, '#0000FF', 28, 24),
(1439, 34, 20, '#0000FF', 27, 23),
(1440, 34, 20, '#0000FF', 26, 22),
(1441, 34, 20, '#0000FF', 27, 22),
(1442, 34, 20, '#0000FF', 28, 22),
(1443, 34, 20, '#0000FF', 21, 27),
(1444, 34, 20, '#0000FF', 22, 27),
(1445, 34, 20, '#0000FF', 21, 28),
(1446, 34, 20, '#0000FF', 22, 29),
(1447, 34, 20, '#0000FF', 24, 27),
(1448, 34, 20, '#0000FF', 24, 28),
(1449, 34, 20, '#0000FF', 24, 29),
(1450, 34, 20, '#FFFF00', 21, 24),
(1451, 34, 20, '#FFFF00', 21, 23),
(1452, 34, 20, '#FFFF00', 21, 22),
(1453, 34, 20, '#FFFF00', 20, 22),
(1454, 34, 20, '#FFFF00', 19, 23),
(1455, 34, 20, '#FFFF00', 20, 24),
(1456, 34, 20, '#FFFF00', 20, 25),
(1457, 34, 20, '#FFFF00', 19, 25),
(1458, 34, 20, '#FFFF00', 23, 25),
(1459, 34, 20, '#FFFF00', 25, 25),
(1460, 34, 20, '#FFFF00', 25, 24),
(1461, 34, 20, '#FFFF00', 25, 23),
(1462, 34, 20, '#FFFF00', 25, 22),
(1463, 34, 20, '#FFFF00', 26, 23),
(1464, 34, 20, '#FFFF00', 28, 23),
(1465, 34, 20, '#FFFF00', 27, 24),
(1466, 34, 20, '#FFFF00', 26, 24),
(1467, 34, 20, '#FFFF00', 18, 26),
(1468, 34, 20, '#FFFF00', 19, 26),
(1469, 34, 20, '#FFFF00', 20, 26),
(1470, 34, 20, '#FFFF00', 21, 26),
(1471, 34, 20, '#FFFF00', 22, 26),
(1472, 34, 20, '#FFFF00', 23, 26),
(1473, 34, 20, '#FFFF00', 24, 26),
(1474, 34, 20, '#FFFF00', 25, 26),
(1475, 34, 20, '#FFFF00', 26, 26),
(1476, 34, 20, '#FFFF00', 27, 26),
(1477, 34, 20, '#FFFF00', 28, 26),
(1478, 34, 20, '#FFFF00', 23, 27),
(1479, 34, 20, '#FFFF00', 23, 28),
(1480, 34, 20, '#FFFF00', 23, 29),
(1481, 34, 20, '#FFFF00', 22, 28),
(1482, 34, 20, '#FFFF00', 21, 29),
(1483, 34, 20, '#FFFF00', 20, 27),
(1484, 34, 20, '#FFFF00', 20, 28),
(1485, 34, 20, '#FFFF00', 20, 29),
(1486, 34, 20, '#FFFF00', 18, 29),
(1487, 34, 20, '#FFFF00', 18, 28),
(1488, 34, 20, '#FFFF00', 18, 27),
(1489, 34, 20, '#FFFF00', 19, 27),
(1490, 34, 20, '#FFFF00', 19, 28),
(1491, 34, 20, '#FFFF00', 19, 29),
(1492, 34, 20, '#FFFF00', 25, 27),
(1493, 34, 20, '#FFFF00', 26, 27),
(1494, 34, 20, '#FFFF00', 28, 27),
(1495, 34, 20, '#FFFF00', 27, 27),
(1496, 34, 20, '#FFFF00', 27, 28),
(1497, 34, 20, '#FFFF00', 28, 28),
(1498, 34, 20, '#FFFF00', 28, 29),
(1499, 34, 20, '#FFFF00', 27, 29),
(1500, 34, 20, '#FFFF00', 26, 28),
(1501, 34, 20, '#FFFF00', 26, 29),
(1502, 34, 20, '#FFFF00', 25, 29),
(1503, 34, 20, '#FFFF00', 25, 28),
(1504, 5, 20, '#FF0000', 11, 9),
(1505, 5, 20, '#FF0000', 15, 9),
(1506, 5, 20, '#FF0000', 12, 8),
(1507, 5, 20, '#FF0000', 14, 8),
(1508, 5, 20, '#FF0000', 13, 7),
(1509, 5, 20, '#FF0000', 12, 14),
(1510, 5, 20, '#FF0000', 12, 15),
(1511, 5, 20, '#FF0000', 12, 16),
(1512, 5, 20, '#FF0000', 14, 16),
(1513, 5, 20, '#FF0000', 14, 15),
(1514, 5, 20, '#FF0000', 14, 14),
(1515, 5, 20, '#FF0000', 13, 17),
(1516, 5, 20, '#FFFFFF', 13, 8),
(1517, 5, 20, '#000000', 1, 21),
(1518, 5, 20, '#000000', 2, 22),
(1519, 5, 20, '#000000', 2, 21),
(1520, 5, 20, '#000000', 3, 20),
(1521, 5, 20, '#000000', 2, 19),
(1522, 5, 20, '#000000', 4, 21),
(1523, 5, 20, '#000000', 4, 19),
(1524, 5, 20, '#000000', 5, 19),
(1525, 5, 20, '#000000', 5, 18),
(1526, 5, 20, '#000000', 4, 18),
(1527, 5, 20, '#000000', 0, 21),
(1528, 5, 20, '#000000', 2, 23),
(1529, 5, 20, '#FF00FF', 4, 10),
(1530, 5, 20, '#FF00FF', 3, 9),
(1531, 5, 20, '#FF00FF', 5, 9),
(1532, 5, 20, '#FF00FF', 6, 10),
(1533, 5, 20, '#FF00FF', 5, 11),
(1534, 5, 20, '#FF00FF', 4, 12),
(1535, 5, 20, '#FF00FF', 3, 11),
(1536, 5, 20, '#FF00FF', 3, 10),
(1537, 5, 20, '#FF00FF', 4, 11),
(1538, 5, 20, '#FF00FF', 5, 10),
(1539, 5, 20, '#FF00FF', 4, 13),
(1540, 5, 20, '#FF00FF', 3, 14),
(1541, 5, 20, '#FF00FF', 2, 15),
(1542, 5, 20, '#FF00FF', 3, 16),
(1543, 5, 20, '#FF00FF', 4, 15),
(1544, 5, 20, '#FF00FF', 5, 16),
(1545, 5, 20, '#FF00FF', 6, 15),
(1546, 5, 20, '#FF00FF', 5, 14),
(1547, 5, 20, '#FF00FF', 4, 14),
(1548, 5, 20, '#FF00FF', 5, 15),
(1549, 5, 20, '#FF00FF', 3, 15),
(1550, 5, 20, '#FF00FF', 5, 12),
(1551, 5, 20, '#FF00FF', 5, 13),
(1552, 5, 20, '#FF00FF', 3, 13),
(1553, 5, 20, '#FF00FF', 3, 12),
(1554, 5, 20, '#FF00FF', 2, 12),
(1555, 5, 20, '#FF00FF', 2, 13),
(1556, 5, 20, '#FF00FF', 1, 13),
(1557, 5, 20, '#FF00FF', 1, 12),
(1558, 5, 20, '#FF00FF', 0, 13),
(1559, 5, 20, '#FF00FF', 0, 12),
(1560, 5, 20, '#FF00FF', 0, 11),
(1561, 5, 20, '#FF00FF', 0, 10),
(1562, 5, 20, '#FF00FF', 1, 10),
(1563, 5, 20, '#FF00FF', 0, 9),
(1564, 5, 20, '#FF00FF', 0, 8),
(1565, 5, 20, '#FF00FF', 1, 8),
(1566, 5, 20, '#FF00FF', 2, 11),
(1567, 5, 20, '#FF00FF', 0, 7),
(1568, 5, 20, '#FF00FF', 1, 6),
(1569, 5, 20, '#FF00FF', 2, 7),
(1570, 5, 20, '#FF00FF', 3, 7),
(1571, 5, 20, '#FF0000', 0, 27),
(1572, 5, 20, '#FF0000', 2, 27),
(1573, 5, 20, '#FF0000', 0, 29),
(1574, 5, 20, '#FF0000', 1, 29),
(1575, 5, 20, '#FF0000', 2, 29),
(1576, 5, 20, '#FFFF00', 0, 28),
(1577, 5, 20, '#FFFF00', 1, 28),
(1578, 5, 20, '#FFFF00', 2, 28),
(1579, 5, 20, '#FFFF00', 4, 28),
(1580, 5, 20, '#FFFF00', 3, 28),
(1581, 5, 20, '#FFFF00', 5, 28),
(1582, 5, 20, '#FFFF00', 6, 28),
(1583, 5, 20, '#FFFF00', 7, 29),
(1584, 5, 20, '#FF0000', 3, 27),
(1585, 5, 20, '#FF0000', 4, 27),
(1586, 5, 20, '#FF0000', 5, 27),
(1587, 5, 20, '#FF0000', 3, 29),
(1588, 5, 20, '#FF0000', 4, 29),
(1589, 5, 20, '#FF0000', 5, 29),
(1590, 5, 20, '#FF0000', 6, 29),
(1591, 5, 19, '#FF0000', 5, 3),
(1592, 5, 19, '#FF0000', 4, 4),
(1593, 5, 19, '#FF0000', 5, 4),
(1594, 5, 19, '#FF0000', 5, 5),
(1595, 5, 19, '#FF0000', 5, 6),
(1596, 5, 19, '#FFFF00', 3, 6),
(1597, 5, 19, '#FFFF00', 4, 7),
(1598, 5, 19, '#FFFF00', 5, 7),
(1599, 5, 19, '#FFFF00', 6, 7),
(1600, 5, 19, '#FFFF00', 7, 6),
(1601, 5, 19, '#FFFF00', 3, 3),
(1602, 5, 19, '#FFFF00', 4, 3),
(1603, 5, 19, '#FFFF00', 6, 3),
(1604, 5, 19, '#FFFF00', 7, 3),
(1605, 5, 19, '#FFFF00', 4, 2),
(1606, 5, 19, '#FF0000', 6, 4),
(1607, 5, 19, '#FF0000', 6, 5),
(1608, 5, 19, '#FF0000', 7, 4),
(1609, 5, 19, '#FF0000', 7, 5),
(1610, 5, 19, '#FF0000', 3, 4),
(1611, 5, 19, '#FF0000', 3, 5),
(1612, 5, 19, '#FF00FF', 3, 9),
(1613, 5, 19, '#FF00FF', 2, 9),
(1614, 5, 19, '#FF00FF', 1, 10),
(1615, 5, 19, '#FF00FF', 3, 12),
(1616, 5, 19, '#FF00FF', 3, 13),
(1617, 5, 19, '#FF00FF', 2, 14),
(1618, 5, 19, '#FF00FF', 1, 15),
(1619, 5, 19, '#FF00FF', 1, 16),
(1620, 5, 19, '#FF00FF', 2, 17),
(1621, 5, 19, '#FF00FF', 3, 18),
(1622, 5, 19, '#FF00FF', 3, 19),
(1623, 5, 19, '#FF00FF', 3, 20),
(1624, 5, 19, '#FF00FF', 2, 21),
(1625, 5, 19, '#FF00FF', 1, 22),
(1626, 5, 19, '#FF00FF', 1, 23),
(1627, 5, 19, '#FF00FF', 8, 10),
(1628, 5, 19, '#FF00FF', 11, 8),
(1629, 5, 19, '#FF00FF', 14, 7),
(1630, 5, 19, '#000000', 8, 23),
(1631, 5, 19, '#000000', 9, 23),
(1632, 5, 19, '#000000', 9, 26),
(1633, 5, 19, '#000000', 8, 26),
(1634, 5, 19, '#000000', 10, 6),
(1635, 5, 19, '#000000', 11, 6),
(1636, 5, 19, '#000000', 12, 7),
(1637, 5, 19, '#000000', 12, 8),
(1638, 5, 19, '#000000', 13, 8),
(1639, 5, 19, '#000000', 13, 7),
(1640, 5, 19, '#000000', 14, 6),
(1641, 5, 19, '#000000', 15, 6),
(1642, 5, 19, '#000000', 16, 6),
(1643, 5, 19, '#000000', 12, 5),
(1644, 5, 19, '#000000', 13, 5),
(1645, 5, 19, '#000000', 12, 4),
(1646, 5, 19, '#000000', 12, 3),
(1647, 5, 19, '#000000', 12, 1),
(1648, 5, 19, '#000000', 13, 1),
(1649, 5, 19, '#000000', 13, 0),
(1650, 5, 19, '#000000', 19, 19),
(1651, 5, 19, '#000000', 19, 20),
(1652, 5, 19, '#000000', 20, 20),
(1653, 5, 19, '#000000', 21, 20),
(1654, 5, 19, '#000000', 22, 21),
(1655, 5, 19, '#000000', 23, 21),
(1656, 5, 19, '#000000', 23, 22),
(1657, 5, 17, '#0000FF', 0, 26),
(1658, 5, 17, '#0000FF', 0, 25),
(1659, 5, 17, '#0000FF', 0, 24),
(1660, 5, 17, '#0000FF', 0, 23),
(1661, 5, 17, '#0000FF', 0, 22),
(1662, 5, 17, '#0000FF', 1, 22),
(1663, 5, 17, '#0000FF', 2, 22),
(1664, 5, 17, '#0000FF', 2, 23),
(1665, 5, 17, '#0000FF', 2, 24),
(1666, 5, 17, '#0000FF', 1, 24),
(1667, 5, 17, '#0000FF', 4, 22),
(1668, 5, 17, '#0000FF', 4, 23),
(1669, 5, 17, '#0000FF', 4, 24),
(1670, 5, 17, '#0000FF', 4, 25),
(1671, 5, 17, '#0000FF', 4, 26),
(1672, 5, 17, '#0000FF', 5, 26),
(1673, 5, 17, '#0000FF', 5, 22),
(1674, 5, 17, '#0000FF', 6, 22),
(1675, 5, 17, '#0000FF', 6, 23),
(1676, 5, 17, '#0000FF', 6, 24),
(1677, 5, 17, '#0000FF', 6, 25),
(1678, 5, 17, '#0000FF', 6, 26),
(1679, 5, 17, '#0000FF', 8, 25),
(1680, 5, 17, '#0000FF', 8, 26),
(1681, 5, 17, '#0000FF', 9, 26),
(1682, 5, 17, '#0000FF', 11, 23),
(1683, 5, 17, '#0000FF', 11, 24),
(1684, 5, 17, '#0000FF', 11, 25),
(1685, 5, 17, '#0000FF', 11, 26),
(1686, 5, 17, '#0000FF', 11, 22),
(1687, 5, 17, '#0000FF', 13, 22),
(1688, 5, 17, '#0000FF', 13, 23),
(1689, 5, 17, '#0000FF', 13, 24),
(1690, 5, 17, '#0000FF', 13, 25),
(1691, 5, 17, '#FFFFFF', 14, 25),
(1692, 5, 17, '#0000FF', 15, 25),
(1693, 5, 17, '#FFFFFF', 15, 23),
(1694, 5, 17, '#FFFFFF', 15, 24),
(1695, 5, 17, '#0000FF', 14, 22),
(1696, 5, 17, '#0000FF', 15, 22),
(1697, 5, 17, '#0000FF', 13, 26),
(1698, 5, 17, '#0000FF', 14, 26),
(1699, 5, 17, '#0000FF', 15, 26),
(1700, 5, 17, '#0000FF', 17, 22),
(1701, 5, 17, '#0000FF', 17, 23),
(1702, 5, 17, '#0000FF', 17, 24),
(1703, 5, 17, '#0000FF', 17, 25),
(1704, 5, 17, '#0000FF', 17, 26),
(1705, 5, 17, '#0000FF', 18, 22),
(1706, 5, 17, '#0000FF', 19, 22),
(1707, 5, 17, '#0000FF', 19, 23),
(1708, 5, 17, '#0000FF', 19, 24),
(1709, 5, 17, '#0000FF', 18, 24),
(1710, 5, 17, '#0000FF', 18, 25),
(1711, 5, 17, '#0000FF', 19, 26),
(1712, 5, 17, '#0000FF', 21, 26),
(1713, 5, 17, '#0000FF', 21, 25),
(1714, 5, 17, '#0000FF', 21, 24),
(1715, 5, 17, '#0000FF', 21, 23),
(1716, 5, 17, '#0000FF', 21, 22),
(1717, 5, 17, '#0000FF', 23, 22),
(1718, 5, 17, '#0000FF', 23, 23),
(1719, 5, 17, '#0000FF', 23, 24),
(1720, 5, 17, '#0000FF', 23, 25),
(1721, 5, 17, '#0000FF', 23, 26),
(1722, 5, 17, '#0000FF', 24, 22),
(1723, 5, 17, '#0000FF', 25, 22),
(1724, 5, 17, '#0000FF', 26, 23),
(1725, 5, 17, '#0000FF', 26, 24),
(1726, 5, 17, '#0000FF', 26, 25),
(1727, 5, 17, '#0000FF', 25, 26),
(1728, 5, 17, '#0000FF', 24, 26),
(1729, 5, 17, '#0000FF', 10, 21),
(1730, 5, 17, '#0000FF', 12, 21),
(1731, 5, 17, '#0000FF', 13, 20),
(1732, 5, 17, '#0000FF', 21, 20),
(1733, 5, 17, '#0000FF', 0, 28),
(1734, 5, 17, '#000000', 1, 28),
(1735, 5, 17, '#FF0000', 2, 28),
(1736, 5, 17, '#FFFF00', 3, 28),
(1737, 5, 17, '#FF00FF', 4, 28),
(1738, 5, 17, '#00FF00', 5, 28),
(1739, 5, 17, '#0000FF', 6, 28),
(1740, 5, 17, '#0000FF', 7, 28),
(1741, 5, 17, '#0000FF', 8, 28),
(1742, 5, 17, '#0000FF', 9, 28),
(1743, 5, 17, '#0000FF', 10, 28),
(1744, 5, 17, '#0000FF', 11, 28),
(1745, 5, 17, '#0000FF', 12, 28),
(1746, 5, 17, '#0000FF', 13, 28),
(1747, 5, 17, '#0000FF', 14, 28),
(1748, 5, 17, '#0000FF', 15, 28),
(1749, 5, 17, '#0000FF', 17, 28),
(1750, 5, 17, '#0000FF', 16, 28),
(1751, 5, 17, '#0000FF', 19, 28),
(1752, 5, 17, '#0000FF', 18, 28),
(1753, 5, 17, '#0000FF', 20, 28),
(1754, 5, 17, '#0000FF', 21, 28),
(1755, 5, 17, '#0000FF', 22, 28),
(1756, 5, 17, '#0000FF', 23, 28),
(1757, 5, 17, '#0000FF', 24, 28),
(1758, 5, 17, '#0000FF', 25, 28),
(1759, 5, 17, '#0000FF', 26, 28),
(1760, 5, 17, '#0000FF', 28, 22),
(1761, 5, 17, '#0000FF', 28, 23),
(1762, 5, 17, '#0000FF', 28, 24),
(1763, 5, 17, '#0000FF', 28, 25),
(1764, 5, 17, '#0000FF', 28, 26),
(1765, 5, 17, '#0000FF', 28, 27),
(1766, 5, 17, '#0000FF', 28, 28),
(1767, 5, 17, '#0000FF', 27, 28),
(1768, 49, 19, '#00FF00', 6, 17),
(1769, 49, 19, '#00FF00', 6, 16),
(1770, 49, 19, '#00FF00', 5, 16),
(1771, 49, 19, '#00FF00', 6, 15),
(1772, 49, 19, '#00FF00', 6, 14),
(1773, 49, 19, '#00FF00', 5, 14),
(1774, 49, 19, '#00FF00', 5, 15),
(1775, 49, 19, '#00FF00', 4, 15),
(1776, 49, 19, '#00FF00', 4, 16),
(1777, 49, 19, '#00FF00', 4, 17),
(1778, 49, 19, '#00FF00', 4, 13),
(1779, 49, 19, '#00FF00', 4, 18),
(1780, 49, 19, '#00FF00', 5, 18),
(1781, 49, 19, '#00FF00', 6, 18),
(1782, 49, 19, '#FF00FF', 17, 9),
(1783, 49, 19, '#FF00FF', 18, 9),
(1784, 49, 19, '#FF0000', 19, 9),
(1785, 49, 19, '#FF0000', 20, 9),
(1786, 49, 19, '#FF0000', 20, 8),
(1787, 49, 19, '#FF0000', 19, 8),
(1788, 49, 19, '#FF0000', 19, 7),
(1789, 49, 19, '#FF0000', 21, 7),
(1790, 49, 19, '#FF0000', 20, 6),
(1791, 49, 19, '#FF0000', 20, 5),
(1792, 49, 19, '#FF0000', 20, 4),
(1793, 49, 19, '#FF0000', 21, 8),
(1794, 49, 19, '#FF0000', 21, 9),
(1795, 49, 19, '#FF0000', 20, 11),
(1796, 49, 19, '#FF0000', 20, 12),
(1797, 49, 19, '#FF0000', 20, 13),
(1798, 49, 20, '#000000', 26, 12),
(1799, 49, 20, '#000000', 27, 12),
(1800, 49, 20, '#000000', 28, 12),
(1801, 49, 20, '#000000', 28, 13),
(1802, 49, 20, '#000000', 28, 14),
(1803, 49, 20, '#000000', 25, 11),
(1804, 49, 20, '#000000', 28, 15),
(1805, 49, 20, '#000000', 11, 27),
(1806, 49, 20, '#000000', 11, 28),
(1807, 49, 20, '#000000', 10, 28),
(1808, 49, 20, '#000000', 12, 26),
(1809, 49, 20, '#000000', 12, 27),
(1810, 49, 20, '#000000', 12, 28),
(1811, 49, 20, '#000000', 12, 29),
(1812, 49, 20, '#000000', 13, 28),
(1813, 5, 19, '#FF00FF', 26, 5),
(1814, 5, 19, '#FF00FF', 27, 5),
(1815, 5, 19, '#FF00FF', 26, 7),
(1816, 5, 19, '#FF00FF', 27, 7),
(1817, 5, 19, '#00FF00', 14, 3);

-- --------------------------------------------------------

--
-- Structure de la table `User`
--

CREATE TABLE `User` (
  `id` int(11) NOT NULL,
  `Username` varchar(40) NOT NULL,
  `Email` varchar(80) NOT NULL,
  `Password` varchar(300) NOT NULL
) ENGINE=InnoDB DEFAULT CHARSET=utf8mb4 COLLATE=utf8mb4_general_ci;

--
-- Déchargement des données de la table `User`
--

INSERT INTO `User` (`id`, `Username`, `Email`, `Password`) VALUES
(4, 'doumama', 'doumams@outlook.fr', '8b9200b2cd16cb81b61273ce74d318e75e820d8613682c9658ee13b533d35f54'),
(5, 'pm', 'pm@pm.fr', '002c16d9a88473bd07de07d4a27c0388150c5f16d213640678bec5bdd9542480'),
(24, 'paulo', 'paulo@paulo.com', '9d87609a3584d3fca24b7084dc445c5b6f5b8ac2c6db3a1fb0d3ab7ffe27e042'),
(31, 'adrien', 'adrien@bonnande.com', '51fc178c3b35d5500b623576f1d834a57c6e10353f6c6d27cd8340020b2e30c5'),
(34, 'donatien', 'donatienicodeme@gmail.com', 'f2d81a260dea8a100dd517984e53c56a7523d96942a834b9cdc249bd4e8c7aa9'),
(35, 'ouai', 'ouai@ouai.com', 'fabb1c22ce6010d6c8509eba1d74bec7bb51a04661e1e6ebe301cd716f5b7d09'),
(49, 'louazo', 'louazo@fly.com', 'b53fad006fa6f891cf8cff4c105a796865cf30960358bb29fc4c8bb2b5d31166');

--
-- Index pour les tables déchargées
--

--
-- Index pour la table `Grid`
--
ALTER TABLE `Grid`
  ADD PRIMARY KEY (`id`),
  ADD KEY `fk_user_grid` (`User_ID`);

--
-- Index pour la table `Pixel`
--
ALTER TABLE `Pixel`
  ADD PRIMARY KEY (`id`),
  ADD KEY `fk_user_pixel` (`User_ID`),
  ADD KEY `fk_grid_pixel` (`Grid_ID`);

--
-- Index pour la table `User`
--
ALTER TABLE `User`
  ADD PRIMARY KEY (`id`);

--
-- AUTO_INCREMENT pour les tables déchargées
--

--
-- AUTO_INCREMENT pour la table `Grid`
--
ALTER TABLE `Grid`
  MODIFY `id` int(11) NOT NULL AUTO_INCREMENT, AUTO_INCREMENT=21;

--
-- AUTO_INCREMENT pour la table `Pixel`
--
ALTER TABLE `Pixel`
  MODIFY `id` int(11) NOT NULL AUTO_INCREMENT, AUTO_INCREMENT=1818;

--
-- AUTO_INCREMENT pour la table `User`
--
ALTER TABLE `User`
  MODIFY `id` int(11) NOT NULL AUTO_INCREMENT, AUTO_INCREMENT=50;

--
-- Contraintes pour les tables déchargées
--

--
-- Contraintes pour la table `Grid`
--
ALTER TABLE `Grid`
  ADD CONSTRAINT `fk_user_grid` FOREIGN KEY (`User_ID`) REFERENCES `User` (`id`) ON DELETE CASCADE ON UPDATE CASCADE;

--
-- Contraintes pour la table `Pixel`
--
ALTER TABLE `Pixel`
  ADD CONSTRAINT `fk_grid_pixel` FOREIGN KEY (`Grid_ID`) REFERENCES `Grid` (`id`) ON DELETE CASCADE ON UPDATE CASCADE,
  ADD CONSTRAINT `fk_user_pixel` FOREIGN KEY (`User_ID`) REFERENCES `User` (`id`) ON DELETE CASCADE ON UPDATE CASCADE;
COMMIT;

/*!40101 SET CHARACTER_SET_CLIENT=@OLD_CHARACTER_SET_CLIENT */;
/*!40101 SET CHARACTER_SET_RESULTS=@OLD_CHARACTER_SET_RESULTS */;
/*!40101 SET COLLATION_CONNECTION=@OLD_COLLATION_CONNECTION */;
